Workbook

Sheet Summary
A1: Customer Data Cleaning
A2: A raw customer list of 27 rows was cleaned into 22 unique, analysis-ready records.
A4: Issue found | B4: Rows affected | C4: How it was fixed
A5: Extra spaces and wrong capital letters in names | B5: 20 | C5: TRIM + PROPER
A6: Same city written in different ways (dhaka, DHAKA, Dhaka ) | B6: 20 | C6: TRIM + PROPER
A7: Phone numbers with dashes or spaces | B7: 18 | C7: SUBSTITUTE to remove "-" and " "
A8: Completely blank rows | B8: 2 | C8: Filter blanks, delete rows
A9: Duplicate customers (same name and phone) | B9: 3 | C9: Remove Duplicates on Name + Phone
A11: Customers and amount by city (from Clean Data)
A12: City | B12: Customers | C12: Total Amount (BDT)
A13: Dhaka | B13: =COUNTIF('Clean Data'!$B$2:$B$23,A13) -> 8 | C13: =SUMIF('Clean Data'!$B$2:$B$23,A13,'Clean Data'!$D$2:$D$23) -> 43500
A14: Chattogram | B14: =COUNTIF('Clean Data'!$B$2:$B$23,A14) -> 3 | C14: =SUMIF('Clean Data'!$B$2:$B$23,A14,'Clean Data'!$D$2:$D$23) -> 17800
A15: Sylhet | B15: =COUNTIF('Clean Data'!$B$2:$B$23,A15) -> 3 | C15: =SUMIF('Clean Data'!$B$2:$B$23,A15,'Clean Data'!$D$2:$D$23) -> 14500
A16: Khulna | B16: =COUNTIF('Clean Data'!$B$2:$B$23,A16) -> 3 | C16: =SUMIF('Clean Data'!$B$2:$B$23,A16,'Clean Data'!$D$2:$D$23) -> 12800
A17: Rajshahi | B17: =COUNTIF('Clean Data'!$B$2:$B$23,A17) -> 2 | C17: =SUMIF('Clean Data'!$B$2:$B$23,A17,'Clean Data'!$D$2:$D$23) -> 12500
A18: Rangpur | B18: =COUNTIF('Clean Data'!$B$2:$B$23,A18) -> 1 | C18: =SUMIF('Clean Data'!$B$2:$B$23,A18,'Clean Data'!$D$2:$D$23) -> 5100
A19: Mymensingh | B19: =COUNTIF('Clean Data'!$B$2:$B$23,A19) -> 1 | C19: =SUMIF('Clean Data'!$B$2:$B$23,A19,'Clean Data'!$D$2:$D$23) -> 3300
A20: Barishal | B20: =COUNTIF('Clean Data'!$B$2:$B$23,A20) -> 1 | C20: =SUMIF('Clean Data'!$B$2:$B$23,A20,'Clean Data'!$D$2:$D$23) -> 1800
A21: Total | B21: =SUM(B13:B20) -> 22 | C21: =SUM(C13:C20) -> 111300

Sheet Raw Data
A1: Name | B1: City | C1: Phone | D1: Amount (BDT)
A2: RAHIM UDDIN | B2: dhaka | C2: 01711-223344 | D2: 5200
A3: nusrat jahan | B3: CHATTOGRAM | C3: 01812 556677 | D3: 3400
A4: Karim Ahmed | B4: Sylhet | C4: 01913889900 | D4: 7800
A5: Tania Akter | B5: Khulna | C5: 01614-112233 | D5: 2100
A6: Fahim Hasan | B6: rajshahi | C6: 01515 445566 | D6: 9600
A8: SADIA ISLAM | B8: DHAKA | C8: 01716778899 | D8: 4300
A9: arif hossain | B9: Dhaka | C9: 01817-990011 | D9: 6500
A10: Mitu Rani | B10: Barishal | C10: 01918 221133 | D10: 1800
A11: Karim Ahmed | B11: sylhet | C11: 01913 889900 | D11: 7800
A12: Jamal Sheikh | B12: rangpur | C12: 01619334455 | D12: 5100
A13: Lima Khatun | B13: DHAKA | C13: 01720-556600 | D13: 3900
A14: SOHEL RANA | B14: Chattogram | C14: 01821 667788 | D14: 8200
... A28: farzana haque | B28: DHAKA | C28: 01732-889911 | D28: 5500

Sheet Cleaning Steps
A1: Raw Name | B1: Raw City | C1: Raw Phone | D1: Amount | E1: Clean Name | F1: Clean City | G1: Clean Phone | H1: Blank row? | I1: Duplicate?
A2: =IF('Raw Data'!A2="","",'Raw Data'!A2) -> RAHIM UDDIN | B2: =IF('Raw Data'!B2="","",'Raw Data'!B2) -> dhaka | C2: =IF('Raw Data'!C2="","",'Raw Data'!C2) -> 01711-223344 | D2: =IF('Raw Data'!D2="","",'Raw Data'!D2) -> 5200 | E2: =TRIM(PROPER(A2)) -> Rahim Uddin | F2: =TRIM(PROPER(B2)) -> Dhaka | G2: =SUBSTITUTE(SUBSTITUTE(TRIM(C2),"-","")," ","") -> 01711223344 | H2: =IF(COUNTA(A2:D2)=COUNTBLANK(A2:D2),"Yes","No") -> No | I2: =IF(H2="Yes","","No") -> No
A3: =IF('Raw Data'!A3="","",'Raw Data'!A3) -> nusrat jahan | B3: =IF('Raw Data'!B3="","",'Raw Data'!B3) -> CHATTOGRAM | C3: =IF('Raw Data'!C3="","",'Raw Data'!C3) -> 01812 556677 | D3: =IF('Raw Data'!D3="","",'Raw Data'!D3) -> 3400 | E3: =TRIM(PROPER(A3)) -> Nusrat Jahan | F3: =TRIM(PROPER(B3)) -> Chattogram | G3: =SUBSTITUTE(SUBSTITUTE(TRIM(C3),"-","")," ","") -> 01812556677 | H3: =IF(COUNTA(A3:D3)=COUNTBLANK(A3:D3),"Yes","No") -> No | I3: =IF(H3="Yes","",IF(COUNTIFS($E$1:E2,E3,$G$1:G2,G3)>0,"Yes","No")) -> No
A4: =IF('Raw Data'!A4="","",'Raw Data'!A4) -> Karim Ahmed | B4: =IF('Raw Data'!B4="","",'Raw Data'!B4) -> Sylhet | C4: =IF('Raw Data'!C4="","",'Raw Data'!C4) -> 01913889900 | D4: =IF('Raw Data'!D4="","",'Raw Data'!D4) -> 7800 | E4: =TRIM(PROPER(A4)) -> Karim Ahmed | F4: =TRIM(PROPER(B4)) -> Sylhet | G4: =SUBSTITUTE(SUBSTITUTE(TRIM(C4),"-","")," ","") -> 01913889900 | H4: =IF(COUNTA(A4:D4)=COUNTBLANK(A4:D4),"Yes","No") -> No | I4: =IF(H4="Yes","",IF(COUNTIFS($E$1:E3,E4,$G$1:G3,G4)>0,"Yes","No")) -> No
A5: =IF('Raw Data'!A5="","",'Raw Data'!A5) -> Tania Akter | B5: =IF('Raw Data'!B5="","",'Raw Data'!B5) -> Khulna | C5: =IF('Raw Data'!C5="","",'Raw Data'!C5) -> 01614-112233 | D5: =IF('Raw Data'!D5="","",'Raw Data'!D5) -> 2100 | E5: =TRIM(PROPER(A5)) -> Tania Akter | F5: =TRIM(PROPER(B5)) -> Khulna | G5: =SUBSTITUTE(SUBSTITUTE(TRIM(C5),"-","")," ","") -> 01614112233 | H5: =IF(COUNTA(A5:D5)=COUNTBLANK(A5:D5),"Yes","No") -> No | I5: =IF(H5="Yes","",IF(COUNTIFS($E$1:E4,E5,$G$1:G4,G5)>0,"Yes","No")) -> No
A6: =IF('Raw Data'!A6="","",'Raw Data'!A6) -> Fahim Hasan | B6: =IF('Raw Data'!B6="","",'Raw Data'!B6) -> rajshahi | C6: =IF('Raw Data'!C6="","",'Raw Data'!C6) -> 01515 445566 | D6: =IF('Raw Data'!D6="","",'Raw Data'!D6) -> 9600 | E6: =TRIM(PROPER(A6)) -> Fahim Hasan | F6: =TRIM(PROPER(B6)) -> Rajshahi | G6: =SUBSTITUTE(SUBSTITUTE(TRIM(C6),"-","")," ","") -> 01515445566 | H6: =IF(COUNTA(A6:D6)=COUNTBLANK(A6:D6),"Yes","No") -> No | I6: =IF(H6="Yes","",IF(COUNTIFS($E$1:E5,E6,$G$1:G5,G6)>0,"Yes","No")) -> No
A7: =IF('Raw Data'!A7="","",'Raw Data'!A7) | B7: =IF('Raw Data'!B7="","",'Raw Data'!B7) | C7: =IF('Raw Data'!C7="","",'Raw Data'!C7) | D7: =IF('Raw Data'!D7="","",'Raw Data'!D7) | E7: =TRIM(PROPER(A7)) | F7: =TRIM(PROPER(B7)) | G7: =SUBSTITUTE(SUBSTITUTE(TRIM(C7),"-","")," ","") | H7: =IF(COUNTA(A7:D7)=COUNTBLANK(A7:D7),"Yes","No") -> Yes | I7: =IF(H7="Yes","",IF(COUNTIFS($E$1:E6,E7,$G$1:G6,G7)>0,"Yes","No"))
A8: =IF('Raw Data'!A8="","",'Raw Data'!A8) -> SADIA ISLAM | B8: =IF('Raw Data'!B8="","",'Raw Data'!B8) -> DHAKA | C8: =IF('Raw Data'!C8="","",'Raw Data'!C8) -> 01716778899 | D8: =IF('Raw Data'!D8="","",'Raw Data'!D8) -> 4300 | E8: =TRIM(PROPER(A8)) -> Sadia Islam | F8: =TRIM(PROPER(B8)) -> Dhaka | G8: =SUBSTITUTE(SUBSTITUTE(TRIM(C8),"-","")," ","") -> 01716778899 | H8: =IF(COUNTA(A8:D8)=COUNTBLANK(A8:D8),"Yes","No") -> No | I8: =IF(H8="Yes","",IF(COUNTIFS($E$1:E7,E8,$G$1:G7,G8)>0,"Yes","No")) -> No
A9: =IF('Raw Data'!A9="","",'Raw Data'!A9) -> arif hossain | B9: =IF('Raw Data'!B9="","",'Raw Data'!B9) -> Dhaka | C9: =IF('Raw Data'!C9="","",'Raw Data'!C9) -> 01817-990011 | D9: =IF('Raw Data'!D9="","",'Raw Data'!D9) -> 6500 | E9: =TRIM(PROPER(A9)) -> Arif Hossain | F9: =TRIM(PROPER(B9)) -> Dhaka | G9: =SUBSTITUTE(SUBSTITUTE(TRIM(C9),"-","")," ","") -> 01817990011 | H9: =IF(COUNTA(A9:D9)=COUNTBLANK(A9:D9),"Yes","No") -> No | I9: =IF(H9="Yes","",IF(COUNTIFS($E$1:E8,E9,$G$1:G8,G9)>0,"Yes","No")) -> No
A10: =IF('Raw Data'!A10="","",'Raw Data'!A10) -> Mitu Rani | B10: =IF('Raw Data'!B10="","",'Raw Data'!B10) -> Barishal | C10: =IF('Raw Data'!C10="","",'Raw Data'!C10) -> 01918 221133 | D10: =IF('Raw Data'!D10="","",'Raw Data'!D10) -> 1800 | E10: =TRIM(PROPER(A10)) -> Mitu Rani | F10: =TRIM(PROPER(B10)) -> Barishal | G10: =SUBSTITUTE(SUBSTITUTE(TRIM(C10),"-","")," ","") -> 01918221133 | H10: =IF(COUNTA(A10:D10)=COUNTBLANK(A10:D10),"Yes","No") -> No | I10: =IF(H10="Yes","",IF(COUNTIFS($E$1:E9,E10,$G$1:G9,G10)>0,"Yes","No")) -> No
A11: =IF('Raw Data'!A11="","",'Raw Data'!A11) -> Karim Ahmed | B11: =IF('Raw Data'!B11="","",'Raw Data'!B11) -> sylhet | C11: =IF('Raw Data'!C11="","",'Raw Data'!C11) -> 01913 889900 | D11: =IF('Raw Data'!D11="","",'Raw Data'!D11) -> 7800 | E11: =TRIM(PROPER(A11)) -> Karim Ahmed | F11: =TRIM(PROPER(B11)) -> Sylhet | G11: =SUBSTITUTE(SUBSTITUTE(TRIM(C11),"-","")," ","") -> 01913889900 | H11: =IF(COUNTA(A11:D11)=COUNTBLANK(A11:D11),"Yes","No") -> No | I11: =IF(H11="Yes","",IF(COUNTIFS($E$1:E10,E11,$G$1:G10,G11)>0,"Yes","No")) -> Yes
A12: =IF('Raw Data'!A12="","",'Raw Data'!A12) -> Jamal Sheikh | B12: =IF('Raw Data'!B12="","",'Raw Data'!B12) -> rangpur | C12: =IF('Raw Data'!C12="","",'Raw Data'!C12) -> 01619334455 | D12: =IF('Raw Data'!D12="","",'Raw Data'!D12) -> 5100 | E12: =TRIM(PROPER(A12)) -> Jamal Sheikh | F12: =TRIM(PROPER(B12)) -> Rangpur | G12: =SUBSTITUTE(SUBSTITUTE(TRIM(C12),"-","")," ","") -> 01619334455 | H12: =IF(COUNTA(A12:D12)=COUNTBLANK(A12:D12),"Yes","No") -> No | I12: =IF(H12="Yes","",IF(COUNTIFS($E$1:E11,E12,$G$1:G11,G12)>0,"Yes","No")) -> No
A13: =IF('Raw Data'!A13="","",'Raw Data'!A13) -> Lima Khatun | B13: =IF('Raw Data'!B13="","",'Raw Data'!B13) -> DHAKA | C13: =IF('Raw Data'!C13="","",'Raw Data'!C13) -> 01720-556600 | D13: =IF('Raw Data'!D13="","",'Raw Data'!D13) -> 3900 | E13: =TRIM(PROPER(A13)) -> Lima Khatun | F13: =TRIM(PROPER(B13)) -> Dhaka | G13: =SUBSTITUTE(SUBSTITUTE(TRIM(C13),"-","")," ","") -> 01720556600 | H13: =IF(COUNTA(A13:D13)=COUNTBLANK(A13:D13),"Yes","No") -> No | I13: =IF(H13="Yes","",IF(COUNTIFS($E$1:E12,E13,$G$1:G12,G13)>0,"Yes","No")) -> No
A14: =IF('Raw Data'!A14="","",'Raw Data'!A14) -> SOHEL RANA | B14: =IF('Raw Data'!B14="","",'Raw Data'!B14) -> Chattogram | C14: =IF('Raw Data'!C14="","",'Raw Data'!C14) -> 01821 667788 | D14: =IF('Raw Data'!D14="","",'Raw Data'!D14) -> 8200 | E14: =TRIM(PROPER(A14)) -> Sohel Rana | F14: =TRIM(PROPER(B14)) -> Chattogram | G14: =SUBSTITUTE(SUBSTITUTE(TRIM(C14),"-","")," ","") -> 01821667788 | H14: =IF(COUNTA(A14:D14)=COUNTBLANK(A14:D14),"Yes","No") -> No | I14: =IF(H14="Yes","",IF(COUNTIFS($E$1:E13,E14,$G$1:G13,G14)>0,"Yes","No")) -> No
... A28: =IF('Raw Data'!A28="","",'Raw Data'!A28) -> farzana haque | B28: =IF('Raw Data'!B28="","",'Raw Data'!B28) -> DHAKA | C28: =IF('Raw Data'!C28="","",'Raw Data'!C28) -> 01732-889911 | D28: =IF('Raw Data'!D28="","",'Raw Data'!D28) -> 5500 | E28: =TRIM(PROPER(A28)) -> Farzana Haque | F28: =TRIM(PROPER(B28)) -> Dhaka | G28: =SUBSTITUTE(SUBSTITUTE(TRIM(C28),"-","")," ","") -> 01732889911 | H28: =IF(COUNTA(A28:D28)=COUNTBLANK(A28:D28),"Yes","No") -> No | I28: =IF(H28="Yes","",IF(COUNTIFS($E$1:E27,E28,$G$1:G27,G28)>0,"Yes","No")) -> No
A30: Rows marked red are removed in Clean Data. Kept rows: | E30: =COUNTIFS(H2:H28,"No",I2:I28,"No") -> 22

Sheet Clean Data
A1: Name | B1: City | C1: Phone | D1: Amount (BDT)
A2: Rahim Uddin | B2: Dhaka | C2: 01711223344 | D2: 5200
A3: Nusrat Jahan | B3: Chattogram | C3: 01812556677 | D3: 3400
A4: Karim Ahmed | B4: Sylhet | C4: 01913889900 | D4: 7800
A5: Tania Akter | B5: Khulna | C5: 01614112233 | D5: 2100
A6: Fahim Hasan | B6: Rajshahi | C6: 01515445566 | D6: 9600
A7: Sadia Islam | B7: Dhaka | C7: 01716778899 | D7: 4300
A8: Arif Hossain | B8: Dhaka | C8: 01817990011 | D8: 6500
A9: Mitu Rani | B9: Barishal | C9: 01918221133 | D9: 1800
A10: Jamal Sheikh | B10: Rangpur | C10: 01619334455 | D10: 5100
A11: Lima Khatun | B11: Dhaka | C11: 01720556600 | D11: 3900
A12: Sohel Rana | B12: Chattogram | C12: 01821667788 | D12: 8200
A13: Rina Begum | B13: Sylhet | C13: 01922778800 | D13: 2600
... A23: Farzana Haque | B23: Dhaka | C23: 01732889911 | D23: 5500
