Workbook

Sheet Dashboard
B2: Sales Performance Dashboard
B3: January to June 2026 | 200 orders | Use the two dropdowns to filter every number and chart.
B4: Region | C4: All | E4: Category | F4: All
B7: Total Revenue (BDT) | E7: Orders | H7: Avg Order Value (BDT) | K7: Units Sold
B8: =SUMPRODUCT(((Dashboard!$C$4="All")+(Data!$C$2:$C$201=Dashboard!$C$4)>0)*((Dashboard!$F$4="All")+(Data!$E$2:$E$201=Dashboard!$F$4)>0)*Data!$I$2:$I$201) -> 8729620 | E8: =SUMPRODUCT(((Dashboard!$C$4="All")+(Data!$C$2:$C$201=Dashboard!$C$4)>0)*((Dashboard!$F$4="All")+(Data!$E$2:$E$201=Dashboard!$F$4)>0)*1) -> 200 | H8: =IF(E8=0,0,B8/E8) -> 43648.1 | K8: =SUMPRODUCT(((Dashboard!$C$4="All")+(Data!$C$2:$C$201=Dashboard!$C$4)>0)*((Dashboard!$F$4="All")+(Data!$E$2:$E$201=Dashboard!$F$4)>0)*Data!$G$2:$G$201) -> 2565
B11: Key insights
B12: ="Top region: "&INDEX(Calc!A3:A7,MATCH(MAX(Calc!B3:B7),Calc!B3:B7,0))&" with BDT "&TEXT(MAX(Calc!B3:B7),"#,##0")&" ("&TEXT(IF(B8=0,0,MAX(Calc!B3:B7)/B8),"0%")&" of revenue)" -> Top region: Dhaka with BDT 3,927,650 (45% of revenue)
B13: ="Top category: "&INDEX(Calc!G3:G5,MATCH(MAX(Calc!H3:H5),Calc!H3:H5,0))&" with BDT "&TEXT(MAX(Calc!H3:H5),"#,##0") -> Top category: Electronics with BDT 4,792,500
B14: ="Best month: "&TEXT(INDEX(Calc!D3:D8,MATCH(MAX(Calc!E3:E8),Calc!E3:E8,0)),"mmmm yyyy")&" | Top salesperson: "&INDEX(Calc!J3:J9,MATCH(MAX(Calc!K3:K9),Calc!K3:K9,0)) -> Best month: January 2026 | Top salesperson: Nusrat

Sheet Data
A1: Order ID | B1: Date | C1: Region | D1: Salesperson | E1: Category | F1: Product | G1: Units | H1: Unit Price (BDT) | I1: Revenue (BDT) | J1: Month
A2: ORD-1001 | B2: 46189 | C2: Dhaka | D2: Rahim | E2: Electronics | F2: Monitor | G2: 4 | H2: 18000 | I2: =G2*H2 -> 72000 | J2: =DATE(YEAR(B2),MONTH(B2),1) -> 46174
A3: ORD-1002 | B3: 46116 | C3: Dhaka | D3: Rahim | E3: Stationery | F3: Pen Box | G3: 11 | H3: 350 | I3: =G3*H3 -> 3850 | J3: =DATE(YEAR(B3),MONTH(B3),1) -> 46113
A4: ORD-1003 | B4: 46045 | C4: Rajshahi | D4: Arif | E4: Electronics | F4: Headphone | G4: 1 | H4: 2500 | I4: =G4*H4 -> 2500 | J4: =DATE(YEAR(B4),MONTH(B4),1) -> 46023
A5: ORD-1004 | B5: 46164 | C5: Chattogram | D5: Tania | E5: Electronics | F5: Headphone | G5: 1 | H5: 2500 | I5: =G5*H5 -> 2500 | J5: =DATE(YEAR(B5),MONTH(B5),1) -> 46143
A6: ORD-1005 | B6: 46080 | C6: Dhaka | D6: Rahim | E6: Stationery | F6: Printer Paper | G6: 12 | H6: 600 | I6: =G6*H6 -> 7200 | J6: =DATE(YEAR(B6),MONTH(B6),1) -> 46054
A7: ORD-1006 | B7: 46079 | C7: Sylhet | D7: Fahim | E7: Furniture | F7: Bookshelf | G7: 1 | H7: 7000 | I7: =G7*H7 -> 7000 | J7: =DATE(YEAR(B7),MONTH(B7),1) -> 46054
A8: ORD-1007 | B8: 46130 | C8: Chattogram | D8: Karim | E8: Electronics | F8: Monitor | G8: 3 | H8: 18000 | I8: =G8*H8 -> 54000 | J8: =DATE(YEAR(B8),MONTH(B8),1) -> 46113
A9: ORD-1008 | B9: 46166 | C9: Chattogram | D9: Karim | E9: Stationery | F9: Printer Paper | G9: 24 | H9: 600 | I9: =G9*H9 -> 14400 | J9: =DATE(YEAR(B9),MONTH(B9),1) -> 46143
A10: ORD-1009 | B10: 46071 | C10: Dhaka | D10: Nusrat | E10: Stationery | F10: Printer Paper | G10: 45 | H10: 600 | I10: =G10*H10 -> 27000 | J10: =DATE(YEAR(B10),MONTH(B10),1) -> 46054
A11: ORD-1010 | B11: 46038 | C11: Dhaka | D11: Rahim | E11: Electronics | F11: Mobile Phone | G11: 5 | H11: 25000 | I11: =G11*H11 -> 125000 | J11: =DATE(YEAR(B11),MONTH(B11),1) -> 46023
A12: ORD-1011 | B12: 46103 | C12: Chattogram | D12: Tania | E12: Stationery | F12: Pen Box | G12: 32 | H12: 350 | I12: =G12*H12 -> 11200 | J12: =DATE(YEAR(B12),MONTH(B12),1) -> 46082
A13: ORD-1012 | B13: 46099 | C13: Sylhet | D13: Fahim | E13: Stationery | F13: Notebook | G13: 28 | H13: 120 | I13: =G13*H13 -> 3360 | J13: =DATE(YEAR(B13),MONTH(B13),1) -> 46082
... A201: ORD-1200 | B201: 46130 | C201: Sylhet | D201: Fahim | E201: Electronics | F201: Headphone | G201: 1 | H201: 2500 | I201: =G201*H201 -> 2500 | J201: =DATE(YEAR(B201),MONTH(B201),1) -> 46113

Sheet Calc
A1: Revenue by Region | D1: Revenue by Month | G1: Revenue by Category | J1: Revenue by Salesperson
A2: Item | B2: Revenue (BDT) | D2: Item | E2: Revenue (BDT) | G2: Item | H2: Revenue (BDT) | J2: Item | K2: Revenue (BDT)
A3: Dhaka | B3: =SUMPRODUCT(((Dashboard!$C$4="All")+(Data!$C$2:$C$201=Dashboard!$C$4)>0)*((Dashboard!$F$4="All")+(Data!$E$2:$E$201=Dashboard!$F$4)>0)*(Data!$C$2:$C$201=A3)*Data!$I$2:$I$201) -> 3927650 | D3: 46023 | E3: =SUMPRODUCT(((Dashboard!$C$4="All")+(Data!$C$2:$C$201=Dashboard!$C$4)>0)*((Dashboard!$F$4="All")+(Data!$E$2:$E$201=Dashboard!$F$4)>0)*(Data!$J$2:$J$201=D3)*Data!$I$2:$I$201) -> 2030840 | G3: Electronics | H3: =SUMPRODUCT(((Dashboard!$C$4="All")+(Data!$C$2:$C$201=Dashboard!$C$4)>0)*((Dashboard!$F$4="All")+(Data!$E$2:$E$201=Dashboard!$F$4)>0)*(Data!$E$2:$E$201=G3)*Data!$I$2:$I$201) -> 4792500 | J3: Rahim | K3: =SUMPRODUCT(((Dashboard!$C$4="All")+(Data!$C$2:$C$201=Dashboard!$C$4)>0)*((Dashboard!$F$4="All")+(Data!$E$2:$E$201=Dashboard!$F$4)>0)*(Data!$D$2:$D$201=J3)*Data!$I$2:$I$201) -> 1899670
A4: Chattogram | B4: =SUMPRODUCT(((Dashboard!$C$4="All")+(Data!$C$2:$C$201=Dashboard!$C$4)>0)*((Dashboard!$F$4="All")+(Data!$E$2:$E$201=Dashboard!$F$4)>0)*(Data!$C$2:$C$201=A4)*Data!$I$2:$I$201) -> 2011860 | D4: 46054 | E4: =SUMPRODUCT(((Dashboard!$C$4="All")+(Data!$C$2:$C$201=Dashboard!$C$4)>0)*((Dashboard!$F$4="All")+(Data!$E$2:$E$201=Dashboard!$F$4)>0)*(Data!$J$2:$J$201=D4)*Data!$I$2:$I$201) -> 1812050 | G4: Furniture | H4: =SUMPRODUCT(((Dashboard!$C$4="All")+(Data!$C$2:$C$201=Dashboard!$C$4)>0)*((Dashboard!$F$4="All")+(Data!$E$2:$E$201=Dashboard!$F$4)>0)*(Data!$E$2:$E$201=G4)*Data!$I$2:$I$201) -> 3205000 | J4: Nusrat | K4: =SUMPRODUCT(((Dashboard!$C$4="All")+(Data!$C$2:$C$201=Dashboard!$C$4)>0)*((Dashboard!$F$4="All")+(Data!$E$2:$E$201=Dashboard!$F$4)>0)*(Data!$D$2:$D$201=J4)*Data!$I$2:$I$201) -> 2027980
A5: Sylhet | B5: =SUMPRODUCT(((Dashboard!$C$4="All")+(Data!$C$2:$C$201=Dashboard!$C$4)>0)*((Dashboard!$F$4="All")+(Data!$E$2:$E$201=Dashboard!$F$4)>0)*(Data!$C$2:$C$201=A5)*Data!$I$2:$I$201) -> 990500 | D5: 46082 | E5: =SUMPRODUCT(((Dashboard!$C$4="All")+(Data!$C$2:$C$201=Dashboard!$C$4)>0)*((Dashboard!$F$4="All")+(Data!$E$2:$E$201=Dashboard!$F$4)>0)*(Data!$J$2:$J$201=D5)*Data!$I$2:$I$201) -> 1397860 | G5: Stationery | H5: =SUMPRODUCT(((Dashboard!$C$4="All")+(Data!$C$2:$C$201=Dashboard!$C$4)>0)*((Dashboard!$F$4="All")+(Data!$E$2:$E$201=Dashboard!$F$4)>0)*(Data!$E$2:$E$201=G5)*Data!$I$2:$I$201) -> 732120 | J5: Karim | K5: =SUMPRODUCT(((Dashboard!$C$4="All")+(Data!$C$2:$C$201=Dashboard!$C$4)>0)*((Dashboard!$F$4="All")+(Data!$E$2:$E$201=Dashboard!$F$4)>0)*(Data!$D$2:$D$201=J5)*Data!$I$2:$I$201) -> 1146040
A6: Khulna | B6: =SUMPRODUCT(((Dashboard!$C$4="All")+(Data!$C$2:$C$201=Dashboard!$C$4)>0)*((Dashboard!$F$4="All")+(Data!$E$2:$E$201=Dashboard!$F$4)>0)*(Data!$C$2:$C$201=A6)*Data!$I$2:$I$201) -> 911690 | D6: 46113 | E6: =SUMPRODUCT(((Dashboard!$C$4="All")+(Data!$C$2:$C$201=Dashboard!$C$4)>0)*((Dashboard!$F$4="All")+(Data!$E$2:$E$201=Dashboard!$F$4)>0)*(Data!$J$2:$J$201=D6)*Data!$I$2:$I$201) -> 1282780 | J6: Tania | K6: =SUMPRODUCT(((Dashboard!$C$4="All")+(Data!$C$2:$C$201=Dashboard!$C$4)>0)*((Dashboard!$F$4="All")+(Data!$E$2:$E$201=Dashboard!$F$4)>0)*(Data!$D$2:$D$201=J6)*Data!$I$2:$I$201) -> 865820
A7: Rajshahi | B7: =SUMPRODUCT(((Dashboard!$C$4="All")+(Data!$C$2:$C$201=Dashboard!$C$4)>0)*((Dashboard!$F$4="All")+(Data!$E$2:$E$201=Dashboard!$F$4)>0)*(Data!$C$2:$C$201=A7)*Data!$I$2:$I$201) -> 887920 | D7: 46143 | E7: =SUMPRODUCT(((Dashboard!$C$4="All")+(Data!$C$2:$C$201=Dashboard!$C$4)>0)*((Dashboard!$F$4="All")+(Data!$E$2:$E$201=Dashboard!$F$4)>0)*(Data!$J$2:$J$201=D7)*Data!$I$2:$I$201) -> 1397010 | J7: Fahim | K7: =SUMPRODUCT(((Dashboard!$C$4="All")+(Data!$C$2:$C$201=Dashboard!$C$4)>0)*((Dashboard!$F$4="All")+(Data!$E$2:$E$201=Dashboard!$F$4)>0)*(Data!$D$2:$D$201=J7)*Data!$I$2:$I$201) -> 990500
D8: 46174 | E8: =SUMPRODUCT(((Dashboard!$C$4="All")+(Data!$C$2:$C$201=Dashboard!$C$4)>0)*((Dashboard!$F$4="All")+(Data!$E$2:$E$201=Dashboard!$F$4)>0)*(Data!$J$2:$J$201=D8)*Data!$I$2:$I$201) -> 809080 | J8: Sadia | K8: =SUMPRODUCT(((Dashboard!$C$4="All")+(Data!$C$2:$C$201=Dashboard!$C$4)>0)*((Dashboard!$F$4="All")+(Data!$E$2:$E$201=Dashboard!$F$4)>0)*(Data!$D$2:$D$201=J8)*Data!$I$2:$I$201) -> 911690
J9: Arif | K9: =SUMPRODUCT(((Dashboard!$C$4="All")+(Data!$C$2:$C$201=Dashboard!$C$4)>0)*((Dashboard!$F$4="All")+(Data!$E$2:$E$201=Dashboard!$F$4)>0)*(Data!$D$2:$D$201=J9)*Data!$I$2:$I$201) -> 887920
